,ambitious_sample_001,ambitious_sample_001,ambitious_sample_001,ambitious_sample_001,ambitious_sample_001,ambitious_sample_002,ambitious_sample_002,ambitious_sample_002,ambitious_sample_002,ambitious_sample_002,ambitious_sample_003,ambitious_sample_003,ambitious_sample_003,ambitious_sample_003,ambitious_sample_003,ambitious_sample_004,ambitious_sample_004,ambitious_sample_004,ambitious_sample_004,ambitious_sample_004,ambitious_sample_005,ambitious_sample_005,ambitious_sample_005,ambitious_sample_005,ambitious_sample_005,ambitious_sample_006,ambitious_sample_006,ambitious_sample_006,ambitious_sample_006,ambitious_sample_006,ambitious_sample_007,ambitious_sample_007,ambitious_sample_007,ambitious_sample_007,ambitious_sample_007,ambitious_sample_008,ambitious_sample_008,ambitious_sample_008,ambitious_sample_008,ambitious_sample_008,ambitious_sample_009,ambitious_sample_009,ambitious_sample_009,ambitious_sample_009,ambitious_sample_009,ambitious_sample_010,ambitious_sample_010,ambitious_sample_010,ambitious_sample_010,ambitious_sample_010,ambitious_sample_011,ambitious_sample_011,ambitious_sample_011,ambitious_sample_011,ambitious_sample_011,ambitious_sample_012,ambitious_sample_012,ambitious_sample_012,ambitious_sample_012,ambitious_sample_012,ambitious_sample_013,ambitious_sample_013,ambitious_sample_013,ambitious_sample_013,ambitious_sample_013,ambitious_sample_014,ambitious_sample_014,ambitious_sample_014,ambitious_sample_014,ambitious_sample_014,ambitious_sample_015,ambitious_sample_015,ambitious_sample_015,ambitious_sample_015,ambitious_sample_015,ambitious_sample_016,ambitious_sample_016,ambitious_sample_016,ambitious_sample_016,ambitious_sample_016,ambitious_sample_017,ambitious_sample_017,ambitious_sample_017,ambitious_sample_017,ambitious_sample_017,ambitious_sample_018,ambitious_sample_018,ambitious_sample_018,ambitious_sample_018,ambitious_sample_018,ambitious_sample_019,ambitious_sample_019,ambitious_sample_019,ambitious_sample_019,ambitious_sample_019,ambitious_sample_020,ambitious_sample_020,ambitious_sample_020,ambitious_sample_020,ambitious_sample_020,conservative_sample_001,conservative_sample_001,conservative_sample_001,conservative_sample_001,conservative_sample_001,conservative_sample_002,conservative_sample_002,conservative_sample_002,conservative_sample_002,conservative_sample_002,conservative_sample_003,conservative_sample_003,conservative_sample_003,conservative_sample_003,conservative_sample_003,conservative_sample_004,conservative_sample_004,conservative_sample_004,conservative_sample_004,conservative_sample_004,conservative_sample_005,conservative_sample_005,conservative_sample_005,conservative_sample_005,conservative_sample_005,conservative_sample_006,conservative_sample_006,conservative_sample_006,conservative_sample_006,conservative_sample_006,conservative_sample_007,conservative_sample_007,conservative_sample_007,conservative_sample_007,conservative_sample_007,conservative_sample_008,conservative_sample_008,conservative_sample_008,conservative_sample_008,conservative_sample_008,conservative_sample_009,conservative_sample_009,conservative_sample_009,conservative_sample_009,conservative_sample_009,conservative_sample_010,conservative_sample_010,conservative_sample_010,conservative_sample_010,conservative_sample_010,conservative_sample_011,conservative_sample_011,conservative_sample_011,conservative_sample_011,conservative_sample_011,conservative_sample_012,conservative_sample_012,conservative_sample_012,conservative_sample_012,conservative_sample_012,conservative_sample_013,conservative_sample_013,conservative_sample_013,conservative_sample_013,conservative_sample_013,conservative_sample_014,conservative_sample_014,conservative_sample_014,conservative_sample_014,conservative_sample_014,conservative_sample_015,conservative_sample_015,conservative_sample_015,conservative_sample_015,conservative_sample_015,conservative_sample_016,conservative_sample_016,conservative_sample_016,conservative_sample_016,conservative_sample_016,conservative_sample_017,conservative_sample_017,conservative_sample_017,conservative_sample_017,conservative_sample_017,conservative_sample_018,conservative_sample_018,conservative_sample_018,conservative_sample_018,conservative_sample_018,conservative_sample_019,conservative_sample_019,conservative_sample_019,conservative_sample_019,conservative_sample_019,conservative_sample_020,conservative_sample_020,conservative_sample_020,conservative_sample_020,conservative_sample_020
,,,,,,,,,,,,,,,,,,,,,,,,,,,,,,,,,,,,,,,,,,,,,,,,,,,,,,,,,,,,,,,,,,,,,,,,,,,,,,,,,,,,,,,,,,,,,,,,,,,,,,,,,,,,,,,,,,,,,,,,,,,,,,,,,,,,,,,,,,,,,,,,,,,,,,,,,,,,,,,,,,,,,,,,,,,,,,,,,,,,,,,,,,,,,,,,,,,,,,,,
,TotalEquivalentWTW,Expenses,ConsumedEnergy,ConsumedEnergy,ConsumedEnergy,TotalEquivalentWTW,Expenses,ConsumedEnergy,ConsumedEnergy,ConsumedEnergy,TotalEquivalentWTW,Expenses,ConsumedEnergy,ConsumedEnergy,ConsumedEnergy,TotalEquivalentWTW,Expenses,ConsumedEnergy,ConsumedEnergy,ConsumedEnergy,TotalEquivalentWTW,Expenses,ConsumedEnergy,ConsumedEnergy,ConsumedEnergy,TotalEquivalentWTW,Expenses,ConsumedEnergy,ConsumedEnergy,ConsumedEnergy,TotalEquivalentWTW,Expenses,ConsumedEnergy,ConsumedEnergy,ConsumedEnergy,TotalEquivalentWTW,Expenses,ConsumedEnergy,ConsumedEnergy,ConsumedEnergy,TotalEquivalentWTW,Expenses,ConsumedEnergy,ConsumedEnergy,ConsumedEnergy,TotalEquivalentWTW,Expenses,ConsumedEnergy,ConsumedEnergy,ConsumedEnergy,TotalEquivalentWTW,Expenses,ConsumedEnergy,ConsumedEnergy,ConsumedEnergy,TotalEquivalentWTW,Expenses,ConsumedEnergy,ConsumedEnergy,ConsumedEnergy,TotalEquivalentWTW,Expenses,ConsumedEnergy,ConsumedEnergy,ConsumedEnergy,TotalEquivalentWTW,Expenses,ConsumedEnergy,ConsumedEnergy,ConsumedEnergy,TotalEquivalentWTW,Expenses,ConsumedEnergy,ConsumedEnergy,ConsumedEnergy,TotalEquivalentWTW,Expenses,ConsumedEnergy,ConsumedEnergy,ConsumedEnergy,TotalEquivalentWTW,Expenses,ConsumedEnergy,ConsumedEnergy,ConsumedEnergy,TotalEquivalentWTW,Expenses,ConsumedEnergy,ConsumedEnergy,ConsumedEnergy,TotalEquivalentWTW,Expenses,ConsumedEnergy,ConsumedEnergy,ConsumedEnergy,TotalEquivalentWTW,Expenses,ConsumedEnergy,ConsumedEnergy,ConsumedEnergy,TotalEquivalentWTW,Expenses,ConsumedEnergy,ConsumedEnergy,ConsumedEnergy,TotalEquivalentWTW,Expenses,ConsumedEnergy,ConsumedEnergy,ConsumedEnergy,TotalEquivalentWTW,Expenses,ConsumedEnergy,ConsumedEnergy,ConsumedEnergy,TotalEquivalentWTW,Expenses,ConsumedEnergy,ConsumedEnergy,ConsumedEnergy,TotalEquivalentWTW,Expenses,ConsumedEnergy,ConsumedEnergy,ConsumedEnergy,TotalEquivalentWTW,Expenses,ConsumedEnergy,ConsumedEnergy,ConsumedEnergy,TotalEquivalentWTW,Expenses,ConsumedEnergy,ConsumedEnergy,ConsumedEnergy,TotalEquivalentWTW,Expenses,ConsumedEnergy,ConsumedEnergy,ConsumedEnergy,TotalEquivalentWTW,Expenses,ConsumedEnergy,ConsumedEnergy,ConsumedEnergy,TotalEquivalentWTW,Expenses,ConsumedEnergy,ConsumedEnergy,ConsumedEnergy,TotalEquivalentWTW,Expenses,ConsumedEnergy,ConsumedEnergy,ConsumedEnergy,TotalEquivalentWTW,Expenses,ConsumedEnergy,ConsumedEnergy,ConsumedEnergy,TotalEquivalentWTW,Expenses,ConsumedEnergy,ConsumedEnergy,ConsumedEnergy,TotalEquivalentWTW,Expenses,ConsumedEnergy,ConsumedEnergy,ConsumedEnergy,TotalEquivalentWTW,Expenses,ConsumedEnergy,ConsumedEnergy,ConsumedEnergy,TotalEquivalentWTW,Expenses,ConsumedEnergy,ConsumedEnergy,ConsumedEnergy,TotalEquivalentWTW,Expenses,ConsumedEnergy,ConsumedEnergy,ConsumedEnergy,TotalEquivalentWTW,Expenses,ConsumedEnergy,ConsumedEnergy,ConsumedEnergy,TotalEquivalentWTW,Expenses,ConsumedEnergy,ConsumedEnergy,ConsumedEnergy,TotalEquivalentWTW,Expenses,ConsumedEnergy,ConsumedEnergy,ConsumedEnergy
,,,FUEL_OIL,METHANOL,AMMONIA,,,FUEL_OIL,METHANOL,AMMONIA,,,FUEL_OIL,METHANOL,AMMONIA,,,FUEL_OIL,METHANOL,AMMONIA,,,FUEL_OIL,METHANOL,AMMONIA,,,FUEL_OIL,METHANOL,AMMONIA,,,FUEL_OIL,METHANOL,AMMONIA,,,FUEL_OIL,METHANOL,AMMONIA,,,FUEL_OIL,METHANOL,AMMONIA,,,FUEL_OIL,METHANOL,AMMONIA,,,FUEL_OIL,METHANOL,AMMONIA,,,FUEL_OIL,METHANOL,AMMONIA,,,FUEL_OIL,METHANOL,AMMONIA,,,FUEL_OIL,METHANOL,AMMONIA,,,FUEL_OIL,METHANOL,AMMONIA,,,FUEL_OIL,METHANOL,AMMONIA,,,FUEL_OIL,METHANOL,AMMONIA,,,FUEL_OIL,METHANOL,AMMONIA,,,FUEL_OIL,METHANOL,AMMONIA,,,FUEL_OIL,METHANOL,AMMONIA,,,FUEL_OIL,METHANOL,AMMONIA,,,FUEL_OIL,METHANOL,AMMONIA,,,FUEL_OIL,METHANOL,AMMONIA,,,FUEL_OIL,METHANOL,AMMONIA,,,FUEL_OIL,METHANOL,AMMONIA,,,FUEL_OIL,METHANOL,AMMONIA,,,FUEL_OIL,METHANOL,AMMONIA,,,FUEL_OIL,METHANOL,AMMONIA,,,FUEL_OIL,METHANOL,AMMONIA,,,FUEL_OIL,METHANOL,AMMONIA,,,FUEL_OIL,METHANOL,AMMONIA,,,FUEL_OIL,METHANOL,AMMONIA,,,FUEL_OIL,METHANOL,AMMONIA,,,FUEL_OIL,METHANOL,AMMONIA,,,FUEL_OIL,METHANOL,AMMONIA,,,FUEL_OIL,METHANOL,AMMONIA,,,FUEL_OIL,METHANOL,AMMONIA,,,FUEL_OIL,METHANOL,AMMONIA,,,FUEL_OIL,METHANOL,AMMONIA,,,FUEL_OIL,METHANOL,AMMONIA
,,,,,,,,,,,,,,,,,,,,,,,,,,,,,,,,,,,,,,,,,,,,,,,,,,,,,,,,,,,,,,,,,,,,,,,,,,,,,,,,,,,,,,,,,,,,,,,,,,,,,,,,,,,,,,,,,,,,,,,,,,,,,,,,,,,,,,,,,,,,,,,,,,,,,,,,,,,,,,,,,,,,,,,,,,,,,,,,,,,,,,,,,,,,,,,,,,,,,,,,
2025,102.2037,51.1376,193.4148,0.0000,0.0000,94.8271,48.8727,175.8175,0.0000,0.0000,103.5289,52.7141,211.7388,0.0000,0.0000,92.9862,48.9966,190.2568,0.0000,0.0000,98.2637,55.8012,222.0270,0.0000,0.0000,102.9151,52.5586,192.7441,0.0000,0.0000,112.2333,50.7247,177.5821,0.0000,0.0000,93.7458,48.0402,205.9905,0.0000,0.0000,98.5600,55.9223,195.6786,0.0000,0.0000,107.0723,53.9882,209.2773,0.0000,0.0000,103.2055,53.7186,191.0874,0.0000,0.0000,104.5007,48.5905,195.4669,0.0000,0.0000,86.4603,54.4492,197.0503,0.0000,0.0000,89.9211,46.7521,223.5454,0.0000,0.0000,114.1378,53.2803,173.9342,0.0000,0.0000,100.2398,52.7289,199.6082,0.0000,0.0000,102.0177,46.1759,204.3347,0.0000,0.0000,104.4574,46.9820,193.2409,0.0000,0.0000,107.2973,49.1448,189.3275,0.0000,0.0000,93.0054,49.1528,217.3874,0.0000,0.0000,109.1790,49.6803,209.7694,0.0000,0.0000,100.8852,47.6627,204.1652,0.0000,0.0000,106.9840,51.7734,199.3062,0.0000,0.0000,98.8879,48.6034,216.6658,0.0000,0.0000,93.7898,47.8947,199.6598,0.0000,0.0000,103.0414,49.3386,210.4370,0.0000,0.0000,97.6236,50.4508,210.8865,0.0000,0.0000,93.7217,52.4871,221.2292,0.0000,0.0000,98.1018,50.5592,205.2916,0.0000,0.0000,103.6925,52.4031,190.2821,0.0000,0.0000,96.2336,51.0210,203.3156,0.0000,0.0000,115.1212,49.2127,200.9859,0.0000,0.0000,90.4154,45.2541,202.3825,0.0000,0.0000,96.4525,52.4871,203.2980,0.0000,0.0000,106.8491,51.3141,199.2286,0.0000,0.0000,90.3296,44.6054,206.8414,0.0000,0.0000,101.2389,46.7861,201.5925,0.0000,0.0000,105.7906,50.8566,206.5495,0.0000,0.0000,101.7024,50.3441,189.9273,0.0000,0.0000,94.2338,48.9794,188.6125,0.0000,0.0000
2026,98.7668,52.0367,186.3838,5.4589,3.1194,91.8233,49.5724,169.4262,4.9623,2.8356,99.7529,53.8852,204.0417,5.9761,3.4149,89.8071,49.7042,183.3406,5.3698,3.0685,94.8465,56.6140,213.9558,6.2665,3.5809,99.0361,53.4335,185.7374,5.4400,3.1086,108.1305,51.5611,171.1266,5.0121,2.8640,90.5674,48.8152,198.5023,5.8139,3.3222,95.1747,56.7610,188.5653,5.5228,3.1559,103.2133,55.0333,201.6697,5.9066,3.3752,99.6438,54.6553,184.1410,5.3933,3.0819,100.9292,49.3767,188.3613,5.5169,3.1525,83.2138,55.3197,189.8872,5.5615,3.1780,86.8978,47.5484,215.4191,6.3093,3.6053,110.1883,54.1750,167.6113,4.9091,2.8052,96.6852,53.6400,192.3521,5.6337,3.2193,98.1842,46.8417,196.9067,5.7671,3.2955,100.7516,47.7657,186.2162,5.4540,3.1166,103.9359,50.0306,182.4450,5.3436,3.0535,89.8494,49.8876,209.4850,6.1355,3.5060,106.9147,49.9247,206.3306,3.2563,1.8607,98.9972,48.0965,200.8182,3.1693,1.8110,104.5861,52.4011,196.0388,3.0939,1.7679,96.8572,49.0752,213.1139,3.3633,1.9219,91.7186,48.3206,196.3867,3.0994,1.7711,100.8171,49.7318,206.9872,3.2667,1.8667,95.2759,50.9459,207.4293,3.2736,1.8706,91.3552,52.8003,217.6024,3.4342,1.9624,96.0010,50.8618,201.9261,3.1868,1.8210,101.4665,52.9001,187.1627,2.9538,1.6879,94.2434,51.4598,199.9825,3.1561,1.8035,112.6448,49.6120,197.6910,3.1199,1.7828,88.2807,45.7689,199.0647,3.1416,1.7952,94.5436,52.8371,199.9652,3.1558,1.8033,104.3570,51.6758,195.9625,3.0927,1.7672,88.1106,45.0351,203.4505,3.2108,1.8348,99.0159,47.2751,198.2876,3.1294,1.7882,103.6852,51.2900,203.1634,3.2063,1.8322,99.4978,50.8812,186.8137,2.9483,1.6847,92.3667,49.4615,185.5205,2.9279,1.6731
2027,95.3726,53.5025,179.2166,11.0045,6.2883,88.2884,50.8193,162.9111,10.0033,5.7162,95.7852,55.2130,196.1955,12.0471,6.8841,86.5061,50.8114,176.2904,10.8249,6.1856,91.1455,57.9370,205.7284,12.6324,7.2185,95.6755,54.6165,178.5951,10.9664,6.2665,103.9568,52.7906,164.5462,10.1037,5.7735,87.3332,50.0099,190.8691,11.7200,6.6972,92.0052,58.1630,181.3142,11.1333,6.3619,98.9820,56.3121,193.9147,11.9070,6.8040,96.4733,55.7308,177.0600,10.8721,6.2126,96.8775,50.5431,181.1181,11.1213,6.3550,80.0932,56.6860,182.5853,11.2114,6.4065,83.6412,48.7913,207.1354,12.7188,7.2679,106.4853,55.3931,161.1660,9.8962,5.6549,93.4302,54.9330,184.9554,11.3569,6.4897,94.3370,47.8975,189.3349,11.6258,6.6433,97.2772,48.7804,179.0555,10.9946,6.2826,100.4665,51.2693,175.4293,10.7720,6.1554,86.3564,51.1183,201.4295,12.3685,7.0677,104.6327,50.4994,202.8105,6.5643,3.7510,96.2262,48.5949,197.3921,6.3889,3.6508,102.0695,53.2198,192.6943,6.2368,3.5639,94.8238,49.8120,209.4780,6.7801,3.8743,89.3008,48.9341,193.0362,6.2479,3.5702,98.6185,50.4612,203.4559,6.5852,3.7629,92.7556,51.7139,203.8905,6.5992,3.7710,89.3716,53.5253,213.8900,6.9229,3.9559,93.8233,51.5389,198.4812,6.4241,3.6709,99.5419,53.7119,183.9696,5.9545,3.4025,92.0458,51.9924,196.5707,6.3623,3.6356,110.3405,50.3630,194.3183,6.2894,3.5939,86.0498,46.2073,195.6686,6.3331,3.6189,92.5339,53.3366,196.5537,6.3618,3.6353,101.7348,52.3066,192.6193,6.2344,3.5625,86.3154,45.5295,199.9795,6.4726,3.6987,96.7291,47.7722,194.9048,6.3084,3.6048,101.1319,51.9517,199.6973,6.4635,3.6934,97.4477,51.6091,183.6265,5.9434,3.3962,90.2069,50.1228,182.3554,5.9022,3.3727
2028,91.3278,54.9246,171.9132,16.6368,9.5067,85.1662,52.1725,156.2722,15.1231,8.6418,92.1591,56.6174,188.2003,18.2129,10.4074,83.2312,52.2742,169.1063,16.3651,9.3515,87.7089,59.5603,197.3447,19.0979,10.9131,92.1060,56.0886,171.3171,16.5791,9.4738,100.0186,54.2835,157.8407,15.2749,8.7285,83.7189,51.4920,183.0909,17.7185,10.1248,88.4613,59.7200,173.9254,16.8315,9.6180,94.8621,58.0037,186.0124,18.0012,10.2864,92.8252,57.1537,169.8446,16.4366,9.3923,93.3262,51.9207,173.7373,16.8133,9.6076,77.0313,58.2215,175.1446,16.9495,9.6854,80.2336,50.3147,198.6943,19.2285,10.9877,102.4812,56.8071,154.5983,14.9611,8.5492,89.3006,56.4761,177.4182,17.1695,9.8111,90.5075,49.2589,181.6192,17.5761,10.0435,93.7860,50.1001,171.7587,16.6218,9.4982,96.6767,52.7087,168.2803,16.2852,9.3058,83.1767,52.6619,193.2209,18.6988,10.6850,101.9869,51.2493,199.2091,9.9239,5.6708,93.6878,49.3065,193.8870,9.6588,5.5193,99.1168,53.9271,189.2726,9.4289,5.3880,92.7777,50.4167,205.7583,10.2502,5.8573,87.2861,49.7367,189.6085,9.4457,5.3975,96.6859,51.2580,199.8431,9.9555,5.6889,90.6566,52.4264,200.2700,9.9768,5.7010,87.3543,54.2765,210.0920,10.4661,5.9806,91.9761,52.3052,194.9567,9.7121,5.5498,97.0220,54.2940,180.7028,9.0020,5.1440,89.8818,52.6877,193.0802,9.6186,5.4964,107.7687,50.9969,190.8678,9.5084,5.4334,83.8202,46.9127,192.1941,9.5745,5.4711,90.3565,54.1618,193.0635,9.6178,5.4959,99.1418,53.2157,189.1989,9.4253,5.3859,84.4900,46.3179,196.4285,9.7854,5.5917,94.3222,48.6786,191.4438,9.5371,5.4498,98.8685,52.8417,196.1513,9.7716,5.5838,95.2346,52.3993,180.3659,8.9852,5.1344,88.1578,50.9376,179.1173,8.9230,5.0989
2029,87.4290,56.4926,164.4737,22.3557,12.7747,81.4475,53.7238,149.5096,20.3217,11.6124,88.3976,58.0684,180.0559,24.4736,13.9849,79.8181,53.7828,161.7883,21.9906,12.5661,84.3033,61.4923,188.8046,25.6628,14.6644,88.5853,57.8853,163.9034,22.2781,12.7304,95.7993,55.9937,151.0101,20.5257,11.7289,79.9028,53.1448,175.1677,23.8092,13.6053,84.6623,61.4603,166.3988,22.6173,12.9242,91.3855,59.7283,177.9627,24.1891,13.8223,89.1277,58.8275,162.4946,22.0866,12.6209,89.4211,53.3553,166.2188,22.5928,12.9102,73.6040,60.0437,167.5653,22.7759,13.0148,77.0343,51.8538,190.0959,25.8383,14.7647,98.5199,58.5268,147.9081,20.1040,11.4880,85.8615,58.1895,169.7405,23.0715,13.1837,86.9889,50.7776,173.7597,23.6178,13.4959,90.1476,51.5150,164.3259,22.3356,12.7632,92.9909,54.3082,160.9980,21.8832,12.5047,79.6193,54.5055,184.8593,25.1265,14.3580,99.7457,52.0398,195.5266,13.3353,7.6202,91.2012,50.1659,190.3028,12.9790,7.4166,96.4507,54.9894,185.7738,12.6701,7.2401,90.9438,51.1944,201.9547,13.7737,7.8707,85.4377,50.4339,186.1034,12.6926,7.2529,94.6976,52.1769,196.1488,13.3777,7.6444,88.4855,53.2100,196.5678,13.4063,7.6607,85.1581,55.3184,206.2082,14.0638,8.0365,89.7688,53.2120,191.3528,13.0506,7.4575,94.7300,55.3568,177.3624,12.0965,6.9123,87.4183,53.5171,189.5109,12.9250,7.3857,105.1030,51.8311,187.3394,12.7769,7.3011,81.7947,47.7218,188.6412,12.8657,7.3518,87.7636,54.9598,189.4945,12.9239,7.3851,96.3770,54.1637,185.7014,12.6652,7.2373,82.1131,46.9698,192.7973,13.1492,7.5138,92.0270,49.5511,187.9048,12.8155,7.3231,96.7464,53.7169,192.5253,13.1306,7.5032,93.1768,53.1882,177.0317,12.0739,6.8994,86.0657,51.8371,175.8062,11.9903,6.8516
2030,83.8520,58.1578,156.8981,28.1612,16.0921,78.0320,55.4437,142.6232,25.5990,14.6280,84.8076,59.8902,171.7626,30.8292,17.6167,76.6527,55.4521,154.3363,27.7014,15.8294,81.4128,63.2910,180.1083,32.3271,18.4726,84.5641,59.7412,156.3540,28.0635,16.0363,91.7028,57.6246,144.0546,25.8560,14.7748,76.6187,54.7774,167.0995,29.9922,17.1384,81.4357,63.3865,158.7345,28.4908,16.2805,87.8035,61.6002,169.7658,30.4708,17.4119,85.3297,60.5573,155.0101,27.8223,15.8985,85.8016,55.0808,158.5628,28.4600,16.2628,70.1969,61.6812,159.8472,28.6905,16.3946,74.1105,53.4211,181.3401,32.5482,18.5990,94.2670,60.3824,141.0954,25.3248,14.4713,82.6846,59.7980,161.9222,29.0630,16.6074,83.6855,52.2935,165.7563,29.7511,17.0006,86.6610,53.2138,156.7570,28.1359,16.0776,89.3983,56.0508,153.5824,27.5661,15.7520,76.2953,56.1324,176.3447,31.6516,18.0866,97.0417,53.1047,191.7628,16.7983,9.5990,88.9000,51.1146,186.6396,16.3495,9.3426,93.6872,55.9004,182.1977,15.9604,9.1203,89.0903,51.9888,198.0672,17.3506,9.9146,83.4374,51.3604,182.5210,15.9888,9.1364,91.7883,53.0968,192.3731,16.8518,9.6296,86.2342,54.1933,192.7840,16.8878,9.6502,83.0954,56.2692,202.2388,17.7160,10.1234,87.2140,54.1520,187.6694,16.4398,9.3941,92.7052,56.3691,173.9482,15.2378,8.7073,85.3949,54.5925,185.8630,16.2815,9.3037,102.0561,52.6693,183.7332,16.0949,9.1971,79.5280,48.5349,185.0100,16.2068,9.2610,85.8180,55.9028,185.8469,16.2801,9.3029,94.1877,55.1083,182.1268,15.9542,9.1167,80.0321,47.7740,189.0861,16.5639,9.4651,89.8416,50.4202,184.2878,16.1435,9.2249,94.5652,54.7175,188.8193,16.5405,9.4517,91.1384,54.1332,173.6239,15.2094,8.6911,84.1524,52.8129,172.4220,15.1041,8.6309
2031,80.1750,60.0746,149.1862,34.0534,19.4591,74.7286,57.2642,135.6130,30.9551,17.6886,81.1702,61.7156,163.3201,37.2796,21.3026,73.2846,57.2094,146.7504,33.4974,19.1414,78.3781,65.2820,171.2556,39.0910,22.3377,81.1442,61.8239,148.6689,33.9353,19.3916,87.8274,59.4569,136.9741,31.2658,17.8662,73.2161,56.6542,158.8862,36.2675,20.7243,77.8944,65.4748,150.9324,34.4520,19.6868,83.8582,63.7175,161.4215,36.8462,21.0550,81.4691,62.5801,147.3911,33.6436,19.2249,81.8089,56.9045,150.7691,34.4147,19.6655,67.2618,63.5771,151.9904,34.6935,19.8248,70.4198,55.0360,172.4269,39.3583,22.4905,90.3494,62.4419,134.1603,30.6235,17.4992,78.9027,61.7790,153.9634,35.1438,20.0822,80.0050,54.0685,157.6091,35.9760,20.5577,83.0854,54.9234,149.0521,34.0228,19.4416,85.6604,57.6255,146.0336,33.3338,19.0479,73.0420,58.0663,167.6770,38.2741,21.8709,94.4641,54.0726,187.9178,20.3131,11.6075,86.6233,52.0432,182.8974,19.7704,11.2974,90.8249,57.0290,178.5445,19.2999,11.0285,86.8262,52.8590,194.0958,20.9809,11.9891,81.0138,52.4984,178.8614,19.3341,11.0481,89.4528,54.1262,188.5158,20.3777,11.6444,83.4169,55.2877,188.9186,20.4212,11.6693,80.8978,57.1192,198.1838,21.4228,12.2416,84.8792,55.0065,183.9065,19.8795,11.3597,90.7101,57.5124,170.4605,18.4260,10.5291,82.8881,55.5405,182.1363,19.6881,11.2503,99.6654,53.6579,180.0493,19.4625,11.1214,77.7245,49.2453,181.3004,19.5977,11.1987,83.9743,57.0113,182.1205,19.6864,11.2494,92.2413,56.1873,178.4750,19.2923,11.0242,77.8478,48.6001,185.2948,20.0295,11.4454,87.4389,51.5034,180.5927,19.5212,11.1550,92.6667,55.7043,185.0333,20.0013,11.4293,88.7231,55.1270,170.1426,18.3916,10.5095,81.8841,53.7479,168.9648,18.2643,10.4368
2032,76.5654,62.1382,141.3382,40.0322,22.8756,71.5204,59.1980,128.4790,36.3900,20.7943,77.8883,63.6788,154.7286,43.8249,25.0428,69.7431,59.1081,139.0305,39.3786,22.5021,74.7292,67.4789,162.2467,45.9543,26.2596,77.6178,63.9494,140.8481,39.8934,22.7962,84.1418,61.5449,129.7685,36.7552,21.0030,70.0231,58.4946,150.5279,42.6351,24.3629,74.6785,67.5716,142.9925,40.5008,23.1433,79.7367,65.7432,152.9298,43.3154,24.7516,77.5606,64.8316,139.6375,39.5505,22.6003,78.2370,58.6175,142.8378,40.4570,23.1183,64.1007,65.5793,143.9949,40.7847,23.3055,66.9054,56.8291,163.3563,46.2685,26.4392,86.3561,64.5820,127.1027,36.0002,20.5715,75.2890,63.6937,145.8641,41.3141,23.6081,75.8586,55.9469,149.3180,42.2924,24.1671,79.6695,56.6892,141.2112,39.9962,22.8550,81.9247,59.4666,138.3514,39.1862,22.3921,70.3141,59.9733,158.8563,44.9940,25.7108,92.3585,55.2365,183.9916,23.8795,13.6454,84.0647,53.1875,179.0760,23.2415,13.2809,88.1999,58.1126,174.8142,22.6884,12.9648,84.7305,53.8809,190.0405,24.6645,14.0940,78.9198,53.5404,175.1244,22.7286,12.9878,87.1516,55.1127,184.5771,23.9555,13.6888,80.9839,56.3386,184.9714,24.0066,13.7181,78.5992,58.0895,194.0431,25.1840,14.3909,82.8492,55.9316,180.0640,23.3697,13.3541,88.1106,58.4792,166.8990,21.6611,12.3778,80.9464,56.6684,178.3308,23.1448,13.2256,97.1050,54.6468,176.2874,22.8796,13.0741,75.5250,50.1545,177.5124,23.0386,13.1649,82.0006,58.0433,178.3154,23.1428,13.2245,90.2085,57.1407,174.7461,22.6795,12.9597,76.1487,49.5467,181.4234,23.5462,13.4549,85.0275,52.4911,176.8195,22.9486,13.1135,90.1653,56.7283,181.1674,23.5129,13.4360,86.0819,56.1943,166.5878,21.6207,12.3547,79.5643,54.9825,165.4346,21.4710,12.2692
2033,72.7677,64.1631,133.3541,46.0977,26.3415,68.3403,61.1374,121.2213,41.9036,23.9449,74.1921,65.7105,145.9880,50.4650,28.8371,66.1899,61.1957,131.1767,45.3450,25.9115,71.2075,69.7347,153.0814,52.9170,30.2383,73.7393,66.0893,132.8916,45.9379,26.2502,80.3332,63.4955,122.4379,42.3242,24.1853,66.8847,60.3224,142.0247,49.0949,28.0543,71.2981,69.9023,134.9149,46.6372,26.6499,75.2862,67.8014,144.2909,49.8783,28.5019,73.7322,66.8558,131.7494,45.5430,26.0246,74.3831,60.6316,134.7690,46.5868,26.6210,60.4801,67.5191,135.8607,46.9642,26.8367,63.5202,58.6698,154.1283,53.2789,30.4451,82.0561,66.6881,119.9227,41.4548,23.6884,71.5914,65.6508,137.6243,47.5738,27.1850,71.8917,57.9305,140.8830,48.7003,27.8287,76.0486,58.5514,133.2342,46.0563,26.3179,78.3449,61.2085,130.5360,45.1236,25.7849,66.7261,61.9234,149.8826,51.8113,29.6064,90.1486,56.3231,179.9842,27.4976,15.7129,81.6235,54.3230,175.1757,26.7629,15.2931,86.1420,59.1955,171.0066,26.1260,14.9291,82.4105,54.7336,185.9013,28.4016,16.2295,77.0206,54.5420,171.3101,26.1724,14.9556,84.4932,56.4093,180.5570,27.5851,15.7629,79.0838,57.3028,180.9427,27.6440,15.7966,76.4621,58.9598,189.8167,28.9998,16.5713,80.7841,57.0320,176.1422,26.9106,15.3775,85.7606,59.5327,163.2638,24.9431,14.2532,78.8645,57.7253,174.4467,26.6516,15.2295,94.3423,55.8675,172.4478,26.3462,15.0550,74.1641,51.1048,173.6461,26.5293,15.1596,79.6840,59.2106,174.4316,26.6493,15.2282,87.4892,58.2604,170.9400,26.1158,14.9233,73.8548,50.4537,177.4719,27.1138,15.4936,82.4914,53.5028,172.9683,26.4257,15.1004,87.5253,57.6923,177.2214,27.0755,15.4717,84.1948,57.5088,162.9594,24.8966,14.2266,77.5370,56.0733,161.8314,24.7242,14.1281
2034,69.3597,66.1935,125.2338,52.2498,29.8571,65.1787,63.1190,113.8397,47.4960,27.1406,70.3195,67.8695,137.0984,57.2000,32.6857,62.9630,63.2262,123.1890,51.3967,29.3696,67.4213,71.9941,143.7598,59.9793,34.2739,70.0045,68.4399,124.7995,52.0687,29.7535,75.8721,65.5158,114.9823,47.9727,27.4130,63.6194,62.2478,133.3764,55.6471,31.7983,67.8019,72.0976,126.6995,52.8614,30.2065,71.3805,69.9914,135.5046,56.5350,32.3057,70.0879,68.9959,123.7268,51.6211,29.4978,70.4221,62.8555,126.5625,52.8042,30.1738,57.6131,69.6777,127.5877,53.2320,30.4183,60.6713,60.5106,144.7430,60.3895,34.5083,78.0377,68.7642,112.6203,46.9873,26.8499,67.8620,67.8267,129.2439,53.9230,30.8131,68.1207,59.8939,132.3043,55.1998,31.5427,72.2825,60.5183,125.1212,52.2029,29.8302,74.5664,63.2471,122.5873,51.1457,29.2261,63.7793,64.0072,140.7558,58.7259,33.5577,88.0844,57.4487,175.8955,31.1674,17.8099,79.2104,55.3717,171.1962,30.3347,17.3341,83.7759,60.1819,167.1219,29.6128,16.9216,80.2361,55.8969,181.6783,32.1920,18.3954,74.5319,55.5702,167.4184,29.6653,16.9516,82.2502,57.3672,176.4553,31.2666,17.8666,76.7819,58.3015,176.8322,31.3334,17.9048,74.1561,60.1256,185.5047,32.8701,18.7829,78.2774,58.2744,172.1408,30.5021,17.4297,83.7866,60.7274,159.5550,28.2720,16.1554,77.2907,58.9033,170.4838,30.2085,17.2620,91.8358,57.0322,168.5303,29.8623,17.0642,72.0696,52.1108,169.7014,30.0698,17.1828,77.7170,60.3687,170.4691,30.2059,17.2605,85.2988,59.4343,167.0568,29.6012,16.9150,72.2256,51.4349,173.4403,30.7323,17.5613,80.3493,54.4901,169.0390,29.9524,17.1157,84.9719,58.6416,173.1955,30.6890,17.5365,82.0183,58.5923,159.2575,28.2192,16.1253,75.5944,56.9953,158.1551,28.0239,16.0137
2035,65.9289,68.2972,116.9773,58.4886,33.4221,61.7602,65.2036,106.3344,53.1672,30.3813,66.7175,70.2229,128.0597,64.0298,36.5885,60.0525,65.3806,115.0673,57.5337,32.8764,63.8314,74.3557,134.2819,67.1410,38.3663,66.4352,70.7339,116.5716,58.2858,33.3062,71.9950,67.7100,107.4017,53.7008,30.6862,60.4941,64.1519,124.5830,62.2915,35.5952,64.4136,74.4861,118.3464,59.1732,33.8133,68.1416,72.3473,126.5709,63.2855,36.1631,66.5347,71.3189,115.5697,57.7848,33.0199,66.9103,64.9599,118.2184,59.1092,33.7767,54.6308,71.9178,119.1760,59.5880,34.0503,57.5573,62.7237,135.2003,67.6001,38.6287,74.0129,71.0074,105.1954,52.5977,30.0558,64.2604,70.0910,120.7231,60.3615,34.4923,64.4117,62.0055,123.5816,61.7908,35.3090,68.6721,62.5905,116.8721,58.4361,33.3920,70.6372,65.3507,114.5053,57.2526,32.7158,60.5349,66.1232,131.4759,65.7380,37.5645,85.6244,58.5998,171.7257,34.8889,19.9365,77.5438,56.5576,167.1378,33.9567,19.4039,81.7102,61.3715,163.1600,33.1486,18.9421,77.9215,57.1115,177.3713,36.0359,20.5919,72.2239,56.6448,163.4495,33.2074,18.9757,80.2670,58.6459,172.2721,34.9999,19.9999,74.7107,59.3319,172.6402,35.0746,20.0427,72.1712,61.3363,181.1070,36.7948,21.0256,75.9603,59.2312,168.0599,34.1441,19.5109,81.6212,61.9459,155.7725,31.6477,18.0844,74.9324,60.0815,166.4423,33.8154,19.3231,89.1696,58.0529,164.5351,33.4280,19.1017,70.0928,53.1098,165.6784,33.6603,19.2344,75.7919,61.6643,166.4279,33.8125,19.3214,83.2653,60.5859,163.0965,33.1357,18.9347,70.2280,52.4537,169.3286,34.4019,19.6582,78.2420,55.6373,165.0317,33.5289,19.1593,82.7908,59.8014,169.0897,34.3533,19.6305,79.3982,59.8089,155.4821,31.5887,18.0507,73.5914,58.0410,154.4058,31.3700,17.9257
2036,62.3380,70.6150,108.5846,64.8141,37.0366,58.3160,67.1913,98.7054,58.9172,33.6669,63.1246,72.5539,118.8719,70.9545,40.5454,56.8228,67.3294,106.8117,63.7558,36.4319,60.4455,76.6657,124.6477,74.4021,42.5155,62.8183,73.1354,108.2081,64.5893,36.9082,68.0657,70.0347,99.6960,59.5085,34.0048,57.2493,66.1779,115.6447,69.0282,39.4447,61.3859,77.2066,109.8555,65.5727,37.4701,64.4560,74.5719,117.4900,70.1297,40.0741,62.9178,73.8495,107.2780,64.0341,36.5909,63.2923,67.0771,109.7367,65.5017,37.4296,51.4267,74.3003,110.6256,66.0324,37.7328,54.5523,64.9717,125.5002,74.9110,42.8063,70.4105,73.3737,97.6480,58.2860,33.3063,61.0534,72.3463,112.0617,66.8895,38.2226,60.7363,63.8530,114.7151,68.4734,39.1276,64.3267,64.5625,108.4870,64.7558,37.0033,66.7788,67.6235,106.2900,63.4444,36.2539,57.3494,68.3084,122.0430,72.8474,41.6271,82.9662,59.7955,167.4745,38.6620,22.0926,75.7298,57.8956,163.0002,37.6291,21.5023,79.4466,62.4592,159.1209,36.7336,20.9906,76.1063,58.2604,172.9804,39.9331,22.8189,70.3550,57.7690,159.4033,36.7987,21.0279,77.7584,59.9704,168.0075,38.7851,22.1629,72.2455,60.3642,168.3664,38.8679,22.2102,69.8549,62.5610,176.6237,40.7741,23.2995,73.6754,60.4799,163.8996,37.8367,21.6210,79.3855,63.2316,151.9163,35.0704,20.0402,72.7984,61.3976,162.3219,37.4725,21.4129,86.5158,59.3070,160.4620,37.0431,21.1675,67.8084,54.1531,161.5770,37.3005,21.3146,74.0240,62.9777,162.3079,37.4693,21.4110,80.8091,61.8646,159.0590,36.7193,20.9824,67.9764,53.4546,165.1368,38.1224,21.7842,76.0641,56.8073,160.9463,37.1549,21.2314,80.5732,61.0291,164.9038,38.0686,21.7535,77.0032,61.1259,151.6331,35.0050,20.0028,71.3314,59.0477,150.5834,34.7626,19.8644
2037,58.9858,73.0045,100.0558,71.2262,40.7007,55.1690,69.2628,90.9525,64.7459,36.9976,59.7881,74.9175,109.5350,77.9741,44.5566,53.5304,69.5379,98.4221,70.0632,40.0361,57.2598,79.1571,114.8572,81.7628,46.7216,59.1239,75.4887,99.7088,70.9792,40.5595,64.2132,72.3381,91.8654,65.3957,37.3690,54.0722,68.3154,106.5613,75.8572,43.3470,58.3865,79.7577,101.2269,72.0598,41.1770,60.5466,77.0827,108.2617,77.0676,44.0386,59.1171,76.1624,98.8518,70.3691,40.2109,59.4818,69.2733,101.1174,71.9819,41.1325,48.0869,76.8808,101.9365,72.5650,41.4657,51.1182,67.2120,115.6427,82.3219,47.0411,66.6048,75.7630,89.9782,64.0523,36.6013,57.9386,74.8184,103.2597,73.5069,42.0040,57.1615,65.9132,105.7048,75.2475,42.9986,60.7268,66.5875,99.9659,71.1621,40.6641,63.1562,69.9705,97.9414,69.7210,39.8406,54.0980,70.5019,112.4571,80.0542,45.7453,80.5132,61.1958,163.1422,42.4869,24.2782,73.4176,59.2681,158.7837,41.3518,23.6296,77.2666,63.8340,155.0047,40.3676,23.0672,74.0085,59.2188,168.5057,43.8837,25.0764,68.3496,58.9126,155.2798,40.4393,23.1082,75.5699,61.1058,163.6614,42.6221,24.3555,70.4169,61.6176,164.0110,42.7131,24.4075,67.9576,63.9710,172.0547,44.8079,25.6045,71.4391,61.8466,159.6597,41.5799,23.7600,77.0569,64.6323,147.9865,38.5399,22.0228,71.0922,62.6069,158.1229,41.1797,23.5313,84.1173,60.4493,156.3111,40.7078,23.2616,66.1992,55.2668,157.3972,40.9907,23.4233,71.7082,64.2094,158.1092,41.1761,23.5292,78.4784,63.0559,154.9444,40.3519,23.0582,65.8339,54.6071,160.8650,41.8938,23.9393,74.0512,57.9621,156.7828,40.8307,23.3318,78.2665,62.1565,160.6380,41.8347,23.9055,74.9425,62.3794,147.7105,38.4680,21.9817,69.4061,60.2630,146.6880,38.2017,21.8296
2038,55.4852,75.4327,91.3908,77.7249,44.4142,51.7858,71.4028,83.0759,70.6533,40.3733,56.3337,77.2536,100.0491,85.0885,48.6220,50.3289,71.7231,89.8986,76.4558,43.6891,53.6388,81.7094,104.9104,89.2229,50.9845,55.4720,77.9386,91.0739,77.4554,44.2602,60.6313,74.8316,83.9097,71.3624,40.7785,50.6173,70.6241,97.3330,82.7785,47.3020,54.9354,82.4939,92.4605,78.6346,44.9341,56.8678,79.5379,98.8860,84.0993,48.0568,55.6912,78.6842,90.2911,76.7896,43.8798,56.1359,71.6013,92.3605,78.5496,44.8855,45.2314,79.3880,93.1087,79.1859,45.2491,47.6887,69.3006,105.6279,89.8331,51.3332,62.6005,78.1758,82.1860,69.8965,39.9409,54.3348,77.1337,94.3173,80.2138,45.8364,53.5078,67.9714,96.5506,82.1131,46.9218,56.2199,68.8812,91.3087,77.6550,44.3743,59.3918,72.2756,89.4595,76.0824,43.4756,50.9200,72.6530,102.7182,87.3584,49.9191,78.1373,62.2234,158.7287,46.3634,26.4934,71.1164,60.3515,154.4880,45.1247,25.7856,74.7078,65.2961,150.8113,44.0508,25.1719,71.7798,60.3562,163.9470,47.8876,27.3644,66.3761,60.2156,151.0789,44.1290,25.2166,73.0997,62.5803,159.2338,46.5110,26.5777,68.2322,63.0040,159.5740,46.6103,26.6345,65.6342,65.4260,167.4000,48.8962,27.9407,68.9754,63.1106,155.3404,45.3737,25.9278,74.6909,65.7807,143.9829,42.0563,24.0322,69.2494,63.7444,153.8451,44.9370,25.6783,81.2812,61.6424,152.0823,44.4221,25.3840,64.4581,56.4571,153.1391,44.7307,25.5604,69.5386,65.5264,153.8318,44.9331,25.6760,75.6732,64.4083,150.7526,44.0337,25.1621,63.6634,55.7630,156.5131,45.7162,26.1236,71.8409,59.0657,152.5413,44.5561,25.4606,75.6841,63.4408,156.2922,45.6517,26.0867,72.6453,63.8884,143.7145,41.9779,23.9874,67.1609,61.4951,142.7196,41.6873,23.8213
2039,51.6860,77.7955,82.5897,84.3103,48.1773,48.1587,73.6285,75.0755,76.6396,43.7940,52.7716,79.5829,90.4142,92.2978,52.7416,47.3570,73.9238,81.2412,82.9337,47.3907,50.0347,84.3718,94.8073,96.7824,55.3043,51.7867,80.3693,82.3033,84.0179,48.0102,56.2215,77.3330,75.8290,77.4088,44.2336,47.2805,73.0766,87.9596,89.7921,51.3098,51.5047,85.1566,83.5563,85.2971,48.7412,52.7332,82.2204,89.3631,91.2248,52.1285,52.2291,81.4215,81.5958,83.2958,47.5976,52.3644,73.7476,83.4659,85.2048,48.6885,42.2664,81.8759,84.1421,85.8950,49.0829,44.6119,71.6177,95.4557,97.4443,55.6825,58.6496,80.7293,74.2713,75.8186,43.3249,51.2352,79.5998,85.2343,87.0100,49.7200,50.1604,70.1784,87.2525,89.0703,50.8973,52.1461,71.0742,82.5154,84.2345,48.1340,55.7032,74.5636,80.8443,82.5286,47.1592,47.6074,74.8431,92.8262,94.7601,54.1486,75.7561,63.3123,154.2339,50.2916,28.7381,68.6383,61.4932,150.1133,48.9480,27.9703,72.4697,66.5574,146.5407,47.7831,27.3046,69.8687,61.7454,159.3045,51.9450,29.6829,64.7284,61.2820,146.8008,47.8679,27.3531,70.6844,63.9606,154.7247,50.4517,28.8295,66.1451,64.3064,155.0553,50.5595,28.8911,63.4493,66.7752,162.6597,53.0391,30.3080,66.6799,64.4749,150.9415,49.2181,28.1246,72.4761,67.2340,139.9057,45.6196,26.0683,66.9819,64.9312,149.4887,48.7443,27.8539,78.9820,62.9537,147.7757,48.1858,27.5347,62.5320,57.5994,148.8026,48.5206,27.7261,67.5881,66.9958,149.4757,48.7401,27.8515,73.3797,65.7954,146.4837,47.7645,27.2940,61.3864,56.9125,152.0810,49.5896,28.3369,69.6991,60.2889,148.2218,48.3312,27.6178,73.5270,64.7641,151.8664,49.5197,28.2969,70.2957,65.1556,139.6449,45.5345,26.0197,64.9657,62.7216,138.6782,45.2193,25.8396
2040,48.1632,80.3006,73.6523,90.9823,51.9899,44.5636,76.0443,66.9513,82.7046,47.2597,49.4585,82.0851,80.6302,99.6020,56.9154,44.1407,76.2088,72.4498,89.4968,51.1410,46.0946,87.0126,84.5479,104.4415,59.6808,48.1923,83.0229,73.3969,90.6668,51.8096,52.1430,79.8853,67.6233,83.5346,47.7341,44.0284,75.2683,78.4412,96.8979,55.3702,48.2802,87.9257,74.5144,92.0472,52.5984,48.8828,84.6044,79.6928,98.4441,56.2537,48.5648,83.8669,72.7661,89.8875,51.3643,48.6992,76.1337,74.4338,91.9476,52.5415,39.7590,84.5172,75.0368,92.6925,52.9671,41.4474,73.9617,85.1261,105.1558,60.0890,54.6526,83.2620,66.2341,81.8186,46.7535,47.7150,82.1024,76.0108,93.8957,53.6547,46.4248,72.3638,77.8106,96.1190,54.9252,48.5617,73.2152,73.5861,90.9005,51.9432,52.0888,77.0010,72.0959,89.0596,50.8912,44.6565,77.3038,82.7811,102.2591,58.4337,73.6123,64.5749,149.6579,54.2715,31.0123,65.9895,62.9029,145.6596,52.8216,30.1838,70.2776,67.9577,142.1930,51.5645,29.4654,67.2006,62.7610,154.5780,56.0558,32.0319,62.7676,62.6347,142.4453,51.6560,29.5177,68.7526,65.3662,150.1342,54.4443,31.1110,64.5161,65.4123,150.4549,54.5606,31.1775,61.2512,67.9577,157.8337,57.2364,32.7065,64.3619,65.7422,146.4632,53.1130,30.3503,70.1397,68.6201,135.7548,49.2298,28.1313,64.9215,66.2317,145.0535,52.6018,30.0582,76.1326,64.2123,143.3914,51.9991,29.7138,60.2359,58.7567,144.3878,52.3604,29.9202,65.4823,68.4298,145.0409,52.5973,30.0556,70.7870,66.8645,142.1376,51.5444,29.4540,59.4176,58.0531,147.5689,53.5140,30.5794,67.5374,61.5184,143.8241,52.1560,29.8034,70.9218,65.8949,147.3607,53.4385,30.5363,68.3766,66.5214,135.5017,49.1380,28.0788,62.6755,64.2236,134.5637,48.7978,27.8845
2041,44.3416,82.8445,64.5789,97.7410,55.8520,41.0167,78.3776,58.7034,88.8483,50.7705,45.5487,84.6822,70.6971,107.0010,61.1434,40.7825,78.5963,63.5245,96.1451,54.9401,42.6010,89.8107,74.1321,112.2000,64.1143,44.8948,85.5113,64.3549,97.4021,55.6583,48.3303,82.4587,59.2925,89.7401,51.2800,40.9166,77.6845,68.7777,104.0960,59.4835,44.6232,90.6858,65.3347,98.8850,56.5057,45.1218,87.2021,69.8752,105.7570,60.4326,44.7895,86.4021,63.8018,96.5649,55.1799,45.0874,78.5122,65.2641,98.7780,56.4446,36.8100,87.3227,65.7927,99.5782,56.9018,38.3932,76.3320,74.6391,112.9673,64.5528,50.6001,85.8345,58.0745,87.8966,50.2266,44.5814,84.7107,66.6468,100.8708,57.6405,42.6472,74.6352,68.2249,103.2593,59.0053,44.9832,75.5884,64.5208,97.6531,55.8018,48.2393,79.3853,63.2142,95.6755,54.6717,41.2757,79.7198,72.5831,109.8554,62.7745,71.1321,65.9199,145.0007,58.3031,33.3161,63.7438,64.0837,141.1268,56.7455,32.4260,67.7917,69.2830,137.7681,55.3950,31.6543,64.5678,64.0458,149.7677,60.2199,34.4114,60.8495,63.8889,138.0125,55.4933,31.7105,66.3664,66.7040,145.4621,58.4887,33.4221,62.7050,66.7521,145.7729,58.6136,33.4935,59.4919,69.4436,152.9221,61.4883,35.1361,62.3814,67.0950,141.9054,57.0586,32.6049,67.8504,70.0131,131.5303,52.8868,30.2211,62.8111,67.4879,140.5395,56.5094,32.2911,73.4486,65.6357,138.9291,55.8619,31.9211,58.2903,59.9883,139.8945,56.2500,32.1429,63.1122,69.7129,140.5274,56.5045,32.2883,68.4784,68.3718,137.7144,55.3734,31.6420,57.1512,59.3402,142.9767,57.4893,32.8510,65.2868,62.6465,139.3485,56.0305,32.0174,68.8528,67.1771,142.7749,57.4082,32.8047,65.9066,67.8017,131.2850,52.7882,30.1647,60.8905,65.6057,130.3762,52.4228,29.9559
2042,40.9335,85.4464,55.3692,104.5863,59.7636,37.7884,80.8095,50.3316,95.0709,54.3262,41.7625,87.5106,60.6149,114.4948,65.4256,37.7657,81.1545,54.4652,102.8787,58.7878,38.9050,92.7149,63.5601,120.0580,68.6046,40.6886,88.2451,55.1772,104.2237,59.5564,44.0289,85.2571,50.8368,96.0250,54.8715,37.5317,80.0025,58.9693,111.3865,63.6494,41.2314,93.4870,56.0173,105.8105,60.4631,41.3189,89.7605,59.9102,113.1638,64.6650,41.2844,89.0735,54.7030,103.3278,59.0445,41.2756,81.1603,55.9567,105.6960,60.3977,33.8537,89.9768,56.4100,106.5522,60.8870,35.1734,78.8271,63.9948,120.8791,69.0738,46.3497,88.5508,49.7925,94.0525,53.7443,41.0322,87.4009,57.1423,107.9354,61.6774,39.1714,77.1547,58.4953,110.4911,63.1378,41.0356,78.0076,55.3195,104.4923,59.7099,44.6443,81.8684,54.1992,102.3762,58.5007,38.2524,82.1502,62.2319,117.5492,67.1710,68.8124,67.3579,140.2622,62.3864,35.6494,61.2998,65.2624,136.5149,60.7197,34.6970,65.5616,70.6444,133.2660,59.2746,33.8712,62.5671,65.2723,144.8735,64.4374,36.8214,59.3933,65.2432,133.5025,59.3798,33.9313,64.2062,68.0425,140.7086,62.5850,35.7628,60.4837,68.1205,141.0092,62.7187,35.8392,57.5086,70.9503,147.9248,65.7946,37.5969,60.4094,68.3234,137.2681,61.0547,34.8884,65.5885,71.3060,127.2320,56.5908,32.3376,60.7637,68.9362,135.9469,60.4670,34.5526,71.3463,66.9177,134.3891,59.7742,34.1567,56.0450,61.0418,135.3230,60.1895,34.3940,61.0869,71.2282,135.9351,60.4618,34.5496,65.7737,69.4816,133.2141,59.2515,33.8580,54.6705,60.5469,138.3044,61.5156,35.1518,62.9373,63.7846,134.7947,59.9546,34.2598,67.1661,68.6175,138.1092,61.4288,35.1022,63.4927,69.1526,126.9948,56.4853,32.2773,58.9552,67.0307,126.1157,56.0943,32.0539
2043,37.3164,88.1596,46.0234,111.5183,63.7248,34.4804,83.4532,41.8361,101.3722,57.9269,37.9116,90.2226,50.3837,122.0835,69.7620,34.5964,83.5325,45.2720,109.6975,62.6843,35.3289,95.5834,52.8318,128.0154,73.1517,37.0067,90.9289,45.8638,111.1316,63.5038,40.4155,87.8480,42.2560,102.3896,58.5083,34.3526,82.5151,49.0158,118.7692,67.8681,37.7589,96.2774,46.5621,112.8236,64.4706,37.7134,92.4536,49.7980,120.6643,68.9510,37.6983,91.7836,45.4696,110.1764,62.9579,37.7092,83.6501,46.5117,112.7015,64.4009,30.7726,92.6865,46.8885,113.6145,64.9226,32.0584,81.3030,53.1931,128.8909,73.6520,42.3088,91.2436,41.3880,100.2863,57.3064,37.5335,90.0099,47.4972,115.0893,65.7653,35.2424,79.5105,48.6218,117.8145,67.3226,37.1894,80.2697,45.9821,111.4181,63.6675,40.9644,84.4945,45.0509,109.1617,62.3781,34.8294,84.6854,51.7278,125.3404,71.6231,66.1911,68.7986,135.4426,66.5214,38.0122,59.0612,66.5482,131.8241,64.7442,36.9967,63.3329,72.1715,128.6867,63.2033,36.1162,60.4011,66.7212,139.8954,68.7084,39.2619,57.2790,66.4706,128.9151,63.3155,36.1803,61.5210,69.4061,135.8736,66.7331,38.1332,58.1979,69.7394,136.1639,66.8757,38.2147,55.4035,72.4582,142.8418,70.1555,40.0888,58.2225,69.5042,132.5514,65.1014,37.2008,63.1563,72.8221,122.8601,60.3416,34.4809,58.4957,70.3219,131.2755,64.4748,36.8427,69.0651,68.2394,129.7713,63.7360,36.4206,54.3811,62.3573,130.6730,64.1789,36.6736,59.0984,72.5953,131.2641,64.4692,36.8395,63.5424,70.8597,128.6366,63.1787,36.1021,52.5949,61.7685,133.5520,65.5929,37.4816,61.2055,65.1494,130.1629,63.9284,36.5305,64.9188,70.0808,133.3635,65.5003,37.4287,61.3059,70.5882,122.6310,60.2291,34.4166,57.0135,68.3140,121.7821,59.8122,34.1784
2044,33.6690,90.8522,36.5415,118.5370,67.7354,31.2957,85.9735,33.2169,107.7522,61.5727,34.1816,93.0652,40.0034,129.7671,74.1526,31.6762,86.0884,35.9448,116.6015,66.6295,31.6747,98.5195,41.9471,136.0723,77.7556,33.4177,93.7944,36.4148,118.1259,67.5005,36.5528,90.3030,33.5502,108.8337,62.1907,30.9964,85.0085,38.9174,126.2441,72.1395,34.3628,99.2371,36.9692,119.9244,68.5282,34.0075,95.3007,39.5383,128.2585,73.2906,33.7440,94.6734,36.1018,117.1106,66.9203,33.9168,86.3663,36.9292,119.7946,68.4541,27.9128,95.5902,37.2283,120.7651,69.0086,28.9163,83.8299,42.2340,137.0029,78.2874,38.1340,94.0470,32.8610,106.5980,60.9131,34.0876,92.8377,37.7116,122.3327,69.9044,31.7466,81.9646,38.6045,125.2294,71.5596,33.8117,82.7484,36.5086,118.4304,67.6745,36.9214,87.0087,35.7693,116.0320,66.3040,31.5378,87.3419,41.0706,133.2289,76.1308,63.8935,70.1769,130.5417,70.7081,40.4046,56.4817,67.9470,127.0541,68.8190,39.3251,60.8532,73.6416,124.0303,67.1812,38.3892,58.2778,68.0452,134.8334,73.0327,41.7330,55.0333,67.9661,124.2504,67.3004,38.4574,59.6759,70.8529,130.9571,70.9331,40.5332,55.9723,71.0266,131.2369,71.0846,40.6198,53.4581,74.0581,137.6732,74.5709,42.6119,55.9802,71.0376,127.7551,69.1987,39.5421,60.9964,74.0710,118.4145,64.1394,36.6511,56.3647,72.0158,126.5254,68.5326,39.1615,66.5521,69.5806,125.0756,67.7474,38.7128,52.5702,63.6463,125.9447,68.2181,38.9818,56.9995,74.2369,126.5144,68.5267,39.1581,61.4195,72.4262,123.9820,67.1550,38.3743,50.1991,63.0523,128.7195,69.7211,39.8406,58.8738,66.2194,125.4531,67.9518,38.8296,62.7204,71.4140,128.5379,69.6227,39.7844,59.1594,72.1072,118.1937,64.0198,36.5827,55.2163,69.6137,117.3755,63.5766,36.3295
2045,29.9100,93.6328,26.9233,125.6422,71.7956,27.8594,88.6440,24.4738,114.2111,65.2635,30.2295,95.8032,29.4740,137.5456,78.5975,28.4517,88.6335,26.4837,123.5908,70.6233,28.1965,101.4719,30.9062,144.2287,82.4164,29.8557,96.6615,26.8300,125.2066,71.5466,32.7977,93.1609,24.7194,115.3573,65.9185,27.6736,87.3719,28.6739,133.8114,76.4637,30.7086,102.1150,27.2385,127.1128,72.6359,30.3744,98.1500,29.1314,135.9465,77.6837,30.1003,97.5509,26.5994,124.1304,70.9316,30.1518,88.8459,27.2090,126.9753,72.5573,25.0099,98.4612,27.4294,128.0039,73.1451,25.9137,86.3855,31.1175,145.2151,82.9801,33.8458,96.8975,24.2116,112.9876,64.5644,31.2746,95.6432,27.7855,129.6655,74.0946,28.1861,84.3925,28.4434,132.7358,75.8490,30.0168,85.3168,26.8991,125.5293,71.7310,33.4808,89.7001,26.3544,122.9871,70.2784,28.0186,89.9779,30.2603,141.2149,80.6942,61.4953,71.7182,125.5596,74.9464,42.8265,54.0908,69.3152,122.2051,72.9441,41.6824,58.2445,75.3131,119.2967,71.2081,40.6903,55.7996,69.4992,129.6875,77.4104,44.2345,53.0635,69.4749,119.5084,71.3345,40.7626,57.5473,72.4232,125.9592,75.1849,42.9628,53.9347,72.4434,126.2282,75.3455,43.0546,50.9265,75.4674,132.4189,79.0408,45.1661,53.8576,72.4011,122.8793,73.3466,41.9123,59.3724,75.6500,113.8952,67.9840,38.8480,53.8943,73.3216,121.6966,72.6406,41.5089,63.8056,70.9534,120.3021,71.8082,41.0333,50.5986,64.9599,121.1381,72.3072,41.3184,54.9303,75.8636,121.6860,72.6343,41.5053,58.8898,73.8817,119.2503,71.1804,40.6745,48.0398,64.5156,123.8070,73.9003,42.2287,56.4939,67.5914,120.6652,72.0250,41.1571,60.2798,72.9014,123.6323,73.7960,42.1691,57.0368,73.5964,113.6829,67.8572,38.7755,53.7713,71.0393,112.8959,67.3875,38.5071
2046,26.5793,96.3933,17.1690,132.8342,75.9052,24.5550,91.1865,15.6070,120.7487,68.9992,26.7301,98.5149,18.7956,145.4189,83.0965,24.9105,91.2334,16.8887,130.6653,74.6659,24.3441,104.4635,19.7089,152.4846,87.1340,26.1433,99.6779,17.1095,132.3736,75.6420,28.7237,95.8535,15.7636,121.9606,69.6917,24.5638,90.0497,18.2854,141.4710,80.8405,26.8842,105.1894,17.3700,134.3889,76.7937,26.4361,101.0353,18.5771,143.7283,82.1305,26.5309,100.2698,16.9624,131.2358,74.9919,26.7860,91.5337,17.3512,134.2436,76.7106,22.2480,101.4628,17.4918,135.3310,77.3320,22.9177,88.9492,19.8437,153.5274,87.7300,29.9540,99.6495,15.4398,119.4552,68.2601,27.9379,98.2956,17.7188,137.0877,78.3359,24.5694,86.8882,18.1384,140.3338,80.1907,26.8354,87.8868,17.1536,132.7148,75.8370,29.6030,92.4182,16.8062,130.0271,74.3012,24.8429,92.5698,19.2970,149.2982,85.3133,58.9277,73.2823,120.4963,79.2365,45.2780,51.9048,70.6493,117.2770,77.1195,44.0683,55.6220,76.7850,114.4859,75.2842,43.0195,53.6147,70.9908,124.4577,81.8414,46.7665,51.0961,70.9761,114.6891,75.4177,43.0959,55.2421,73.8932,120.8797,79.4886,45.4221,51.7588,74.0918,121.1379,79.6584,45.5191,48.8593,77.2170,127.0790,83.5652,47.7515,51.5198,73.8396,117.9241,77.5450,44.3115,56.6929,77.0378,109.3023,71.8755,41.0717,51.8139,74.8439,116.7890,76.7986,43.8849,61.1516,72.5142,115.4508,75.9186,43.3821,48.0575,66.3854,116.2530,76.4462,43.6835,52.7534,77.4399,116.7789,76.7920,43.8811,56.2805,75.2449,114.4414,75.2548,43.0028,45.8451,65.6947,118.8143,78.1304,44.6460,54.3615,68.9154,115.7992,76.1478,43.5130,57.5428,74.4975,118.6466,78.0202,44.5830,55.0074,75.2016,109.0985,71.7415,40.9951,51.3090,72.5000,108.3433,71.2448,40.7113
2047,22.9387,99.2155,11.3728,136.4735,79.6095,21.3557,93.8399,10.3381,124.0568,72.3665,23.0378,101.2893,12.4502,149.4029,87.1517,21.3369,94.0043,11.1871,134.2452,78.3097,20.5570,107.4260,13.0552,156.6622,91.3863,22.1194,102.6261,11.3334,136.0002,79.3335,24.9612,98.6421,10.4418,125.3019,73.0928,20.8190,92.6114,12.1122,145.3469,84.7857,22.9511,108.3490,11.5059,138.0708,80.5413,22.8547,103.9719,12.3055,147.6661,86.1385,22.7000,103.2594,11.2359,134.8313,78.6516,22.8795,94.2326,11.4935,137.9215,80.4542,19.0871,104.4406,11.5866,139.0387,81.1059,19.3756,91.3369,13.1445,157.7337,92.0113,26.0351,102.5085,10.2273,122.7279,71.5913,24.2506,100.9822,11.7370,140.8436,82.1588,21.3433,89.4128,12.0149,144.1786,84.1042,23.1490,90.5191,11.3626,136.3508,79.5380,25.4654,95.0113,11.1325,133.5895,77.9272,21.8900,95.3883,12.7824,153.3886,89.4767,56.4758,74.7829,115.3517,83.5782,47.7590,49.7677,72.0013,112.2699,81.3453,46.4830,53.2854,78.4269,109.5980,79.4093,45.3768,51.8859,72.6301,119.1440,86.3259,49.3291,48.9114,72.2501,109.7925,79.5502,45.4573,53.1075,75.2747,115.7188,83.8442,47.9109,49.5175,75.6358,115.9660,84.0233,48.0133,47.2512,78.6922,121.6534,88.1441,50.3680,49.1077,75.2065,112.8894,81.7941,46.7395,54.4862,78.6022,104.6356,75.8139,43.3222,49.8043,76.2547,111.8027,81.0068,46.2896,58.6332,74.0488,110.5216,80.0786,45.7592,45.8432,67.5387,111.2896,80.6350,46.0771,50.9673,79.0252,111.7931,80.9998,46.2856,53.4419,76.6670,109.5553,79.3784,45.3591,43.6589,67.1037,113.7416,82.4116,47.0923,52.1882,70.4378,110.8552,80.3202,45.8973,55.0775,76.0906,113.5811,82.2953,47.0259,52.8178,76.6927,104.4405,75.6725,43.2414,49.0650,73.7785,103.7176,75.1487,42.9421
2048,19.2365,102.1104,11.4502,137.4019,80.1511,17.9460,96.4555,10.4084,124.9008,72.8588,19.0645,104.1271,12.5349,150.4193,87.7446,18.4426,96.7653,11.2632,135.1584,78.8424,17.5791,110.5341,13.1440,157.7280,92.0080,18.5646,105.3835,11.4104,136.9254,79.8731,21.2560,101.5889,10.5129,126.1543,73.5900,17.2309,95.2162,12.1946,146.3356,85.3624,19.2330,111.4787,11.5842,139.0101,81.0892,19.4377,106.9853,12.3892,148.6706,86.7245,19.1143,106.1801,11.3124,135.7485,79.1866,18.6642,96.8493,11.5716,138.8597,81.0015,15.9456,107.5309,11.6654,139.9846,81.6577,15.6924,93.9466,13.2339,158.8067,92.6372,21.6262,105.5994,10.2969,123.5628,72.0783,20.9404,103.9030,11.8168,141.8017,82.7177,17.6198,92.0163,12.0966,145.1594,84.6763,19.5548,92.9830,11.4399,137.2784,80.0790,21.4651,97.8341,11.2082,134.4982,78.4573,18.5946,98.2791,12.8693,154.4320,90.0854,54.0354,76.3817,110.1259,87.9716,50.2695,47.6422,73.3689,107.1838,85.6213,48.9265,51.0029,79.9998,104.6329,83.5836,47.7621,49.8916,74.0854,113.7464,90.8637,51.9221,46.6130,73.7780,104.8185,83.7319,47.8468,50.5261,76.8501,110.4764,88.2515,50.4295,47.6953,77.2118,110.7124,88.4401,50.5372,45.2234,80.3597,116.1421,92.7775,53.0157,46.7420,76.5916,107.7751,86.0937,49.1964,52.0355,80.1708,99.8953,79.7991,45.5995,47.6423,77.7498,106.7377,85.2650,48.7229,56.1067,75.7118,105.5147,84.2880,48.1646,44.0050,68.7083,106.2479,84.8737,48.4993,48.6460,80.5955,106.7285,85.2576,48.7187,51.0285,78.3222,104.5921,83.5510,47.7435,42.1190,68.2647,108.5887,86.7436,49.5678,49.6421,71.7991,105.8331,84.5424,48.3099,52.5019,77.6173,108.4355,86.6212,49.4978,50.6936,78.1807,99.7091,79.6503,45.5145,46.8486,75.2447,99.0189,79.0990,45.1994
2049,15.5515,104.8336,11.5275,138.3303,80.6926,14.7087,99.1678,10.4787,125.7447,73.3511,15.1937,107.2884,12.6196,151.4356,88.3374,15.5647,99.6419,11.3393,136.0717,79.3751,13.8325,113.6411,13.2328,158.7937,92.6297,15.3246,108.3296,11.4875,137.8506,80.4128,17.3629,104.2816,10.5839,127.0067,74.0873,13.6011,97.8024,12.2770,147.3244,85.9392,15.6631,114.5838,11.6624,139.9493,81.6371,15.4360,109.9168,12.4729,149.6751,87.3105,15.1585,109.3251,11.3888,136.6657,79.7217,15.3543,99.6061,11.6498,139.7979,81.5488,12.7943,110.4871,11.7442,140.9304,82.2094,12.7402,96.5264,13.3233,159.8797,93.2632,17.5917,108.4689,10.3665,124.3977,72.5653,17.3308,106.8413,11.8967,142.7598,83.2766,14.4998,94.7251,12.1783,146.1402,85.2484,16.2326,95.6546,11.5172,138.2059,80.6201,17.4703,100.6652,11.2839,135.4070,78.9874,15.2722,101.0973,12.9563,155.4755,90.6940,51.5757,77.9312,104.8189,92.4167,52.8095,45.1256,74.7387,102.0186,89.9477,51.3987,48.4685,81.6631,99.5906,87.8070,50.1754,47.7501,75.6181,108.2649,95.4550,54.5457,45.0665,75.2825,99.7673,87.9628,50.2644,48.5280,78.4548,105.1525,92.7108,52.9776,45.5173,78.7629,105.3771,92.9088,53.0908,43.1812,81.8046,110.5452,97.4654,55.6945,44.4451,78.1204,102.5814,90.4439,51.6822,49.8858,81.8891,95.0814,83.8313,47.9036,45.1681,79.3287,101.5940,89.5734,51.1848,53.5513,77.4502,100.4299,88.5470,50.5983,42.2849,70.1207,101.1278,89.1623,50.9499,46.3952,82.2754,101.5852,89.5656,51.1803,48.5442,79.7030,99.5518,87.7728,50.1559,40.1416,69.6545,103.3558,91.1267,52.0724,47.6646,73.2943,100.7330,88.8142,50.7510,49.8467,79.1268,103.2100,90.9981,51.9989,48.4009,79.9922,94.9041,83.6750,47.8143,44.5793,76.7499,94.2471,83.0957,47.4833
2050,12.0654,107.7066,11.6049,139.2586,81.2342,11.2197,102.0326,10.5491,126.5886,73.8434,11.6219,110.1919,12.7043,152.4520,88.9303,12.2586,102.4037,11.4154,136.9849,79.9079,10.1288,117.0064,13.3216,159.8594,93.2513,11.3508,111.2024,11.5646,138.7757,80.9525,13.4701,107.0452,10.6549,127.8591,74.5845,9.7796,100.4639,12.3594,148.3131,86.5160,12.1304,117.8023,11.7407,140.8886,82.1850,11.4528,113.0580,12.5566,150.6797,87.8965,11.8307,112.3179,11.4652,137.5829,80.2567,12.2555,102.5009,11.7280,140.7362,82.0961,9.9287,113.5841,11.8230,141.8762,82.7611,9.8298,99.0670,13.4127,160.9527,93.8891,13.8089,111.2806,10.4361,125.2326,73.0524,13.6924,109.8286,11.9765,143.7179,83.8355,10.8656,97.5147,12.2601,147.1210,85.8206,12.5760,98.2960,11.5945,139.1335,81.1612,13.7169,103.4713,11.3596,136.3158,79.5175,11.7434,103.9982,13.0432,156.5190,91.3027,49.5754,79.4164,99.4307,96.9135,55.3791,43.0984,76.4430,96.7743,94.3243,53.8996,46.1184,83.2220,94.4711,92.0795,52.6168,45.4717,76.9834,102.6996,100.0996,57.1998,43.0739,76.6044,94.6388,92.2428,52.7102,46.1910,80.0518,99.7471,97.2219,55.5554,43.8824,80.3549,99.9602,97.4296,55.6740,41.2470,83.3454,104.8626,102.2079,58.4045,42.0293,79.6131,97.3082,94.8447,54.1970,47.6166,83.4926,90.1937,87.9103,50.2345,43.2797,80.6807,96.3716,93.9318,53.6753,51.0095,78.8777,95.2673,92.8555,53.0603,40.5415,71.5225,95.9293,93.5007,53.4290,44.2790,83.8706,96.3632,93.9237,53.6707,45.8418,81.4086,94.4343,92.0436,52.5963,38.2066,71.1973,98.0428,95.5607,54.6061,45.4134,74.7018,95.5548,93.1357,53.2204,47.9045,80.6398,97.9045,95.4259,54.5291,46.1807,81.5922,90.0255,87.7464,50.1408,42.2591,78.2510,89.4023,87.1390,49.7937
